Epoch,Train_Loss,Dev_Accuracy,Dev_Precision,Dev_Recall,Dev_F1
1,0.5124307489022613,0.9166666666666666,0.9444444444444444,0.85,0.8947368421052632
2,0.13128016881334284,0.875,0.8181818181818182,0.9,0.8571428571428572
3,0.035921201265106596,0.9791666666666666,1.0,0.95,0.9743589743589743
4,0.04513264760801879,0.9375,0.9047619047619048,0.95,0.9268292682926829
5,0.022746684779122006,0.9375,0.8695652173913043,1.0,0.9302325581395349
