Epoch,Train_Loss,Dev_Accuracy,Dev_Precision,Dev_Recall,Dev_F1
1,0.6251745391637087,0.8571428571428571,0.7407407407407407,1.0,0.851063829787234
2,0.3014223091304302,0.9795918367346939,1.0,0.95,0.9743589743589743
